{"cameraMode":{"drawMode":0,"name":"Shaded","section":"Shading Mode"},"sceneLighting":true,"audioPlay":false,"sceneViewState":{"showFog":true,"showMaterialUpdate":false,"showSkybox":true,"showFlares":true,"showImageEffects":true,"showParticleSystems":true},"in2DMode":false,"pivot":{"x":3.0899453163146974,"y":-2.8752589225769045,"z":3.295823574066162},"rotation":{"x":-0.24588364362716676,"y":-0.45932239294052126,"z":0.1339767575263977,"w":-0.8429815769195557},"size":10.30276870727539,"orthographic":false}