{"cameraMode":{"drawMode":0,"name":"Shaded","section":"Shading Mode"},"sceneLighting":true,"audioPlay":false,"sceneViewState":{"showFog":true,"showMaterialUpdate":false,"showSkybox":true,"showFlares":true,"showImageEffects":true,"showParticleSystems":true},"in2DMode":false,"pivot":{"x":-9.155224800109864,"y":4.044751167297363,"z":110.10221862792969},"rotation":{"x":-0.03330250829458237,"y":0.005094344262033701,"z":-0.00017634093819651753,"w":-0.9994460344314575},"size":112.49559020996094,"orthographic":false}